URL,Rating,Reviews,Score
https://www.amazon.com/GE-6-Outlet-Protector-Extension-14092/dp/B00DOMYL24/ref=zg_bs_g_761520_d_sccl_5/144-6646024-4340255?psc=1,4.8,60377,8.916
https://www.amazon.com/GE-Designer-Extension-Protection-40530/dp/B07BB8LSM1/ref=zg_bs_g_761520_d_sccl_9/144-6646024-4340255?psc=1,4.8,28005,7.808
https://www.amazon.com/GE-Protector-Outlets-Joules-33662/dp/B01MDV3EZ9/ref=zg_bs_g_761520_d_sccl_15/144-6646024-4340255?psc=1,4.8,22177,7.471
https://www.amazon.com/GE-Protector-Outlets-Extension-37442/dp/B079RKX5ZL/ref=zg_bs_g_761520_d_sccl_12/144-6646024-4340255?psc=1,4.8,14304,6.838
https://www.amazon.com/Cordinate-Extension-Protection-Low-Profile-37916/dp/B072J4V8GT/ref=zg_bs_g_761520_d_sccl_5/144-6646024-4340255?psc=1,4.8,11461,6.519
https://www.amazon.com/GE-Outlet-Protector-Extension-46862/dp/B082JHB9PP/ref=zg_bs_g_761520_d_sccl_87/144-6646024-4340255?psc=1,4.8,7018,5.811
https://www.amazon.com/Belkin-8-Outlet-Power-Strip-Protector/dp/B002QPZXH2/ref=zg_bs_g_761520_d_sccl_21/144-6646024-4340255?psc=1,4.7,9853,5.301
https://www.amazon.com/Belkin-12-Outlet-Protector-Protection-BE112234-10/dp/B000HPX46U/ref=zg_bs_g_761520_d_sccl_10/144-6646024-4340255?psc=1,4.7,8894,5.153
https://www.amazon.com/Belkin-6-Outlet-Power-Protector-Rotating/dp/B0090YEVSE/ref=zg_bs_g_761520_d_sccl_16/144-6646024-4340255?psc=1,4.7,8206,5.037
https://www.amazon.com/Belkin-6-Outlet-Power-Protector-Rotating/dp/B000JJI6XA/ref=zg_bs_g_761520_d_sccl_11/144-6646024-4340255?psc=1,4.6,12401,4.632
https://www.amazon.com/Belkin-8-Outlet-Power-Strip-Protector/dp/B000HPV3RW/ref=zg_bs_g_761520_d_sccl_91/144-6646024-4340255?psc=1,4.7,5844,4.547
https://www.amazon.com/Belkin-12-Outlet-Protector-6-Foot-BV112050-06/dp/B00966IFQ0/ref=zg_bs_g_761520_d_sccl_25/144-6646024-4340255?psc=1,4.7,5631,4.493
https://www.amazon.com/GE-Protector-Extension-Integrated-45170/dp/B07RCJ7KHL/ref=zg_bs_g_761520_d_sccl_50/144-6646024-4340255?psc=1,4.7,4997,4.321
https://www.amazon.com/Ultra-Thin-Electrical-Protector-Management-Universal/dp/B08KFX561X/ref=zg_bs_g_761520_d_sccl_24/144-6646024-4340255?psc=1,4.6,7692,3.943
https://www.amazon.com/Belkin-7-Outlet-Commercial-Protector-BE107000-06-CM/dp/B002QPY4CM/ref=zg_bs_g_761520_d_sccl_6/144-6646024-4340255?psc=1,4.7,3584,3.842
https://www.amazon.com/Philips-9-Outlet-Protector-Charging-Extension/dp/B0D3NDWQRN/ref=zg_bs_g_761520_d_sccl_1/144-6646024-4340255?psc=1,4.8,1630,3.705
https://www.amazon.com/GE-UltraPro-3-Outlet-Protector-Extension/dp/B0DH5FV8VK/ref=zg_bs_g_761520_d_sccl_100/144-6646024-4340255?psc=1,4.8,1529,3.613
https://www.amazon.com/GE-Outlet-Protector-Extension-50769/dp/B087NCMN33/ref=zg_bs_g_761520_d_sccl_7/144-6646024-4340255?psc=1,4.7,2926,3.549
https://www.amazon.com/Belkin-12-Outlet-Protector-Heavy-Duty-Extension/dp/B0C6S6TPRH/ref=zg_bs_g_761520_d_sccl_3/144-6646024-4340255?